{"accuracy": 0.7647058823529411, "precision": 0.6666666666666666, "recall": 0.4, "roc_auc": 0.8500000000000001, "filename": "random_forest_model.joblib"}